{
  "project_info": {
    "project_number": "394980586724",
    "project_id": "ag-for-tech-award",
    "storage_bucket": "ag-for-tech-award.appspot.com"
  },
  "client": [
    {
      "client_info": {
        "mobilesdk_app_id": "1:394980586724:android:1324d4f597fb85c39f68f1",
        "android_client_info": {
          "package_name": "com.example.agteamg4"
        }
      },
      "oauth_client": [],
      "api_key": [
        {
          "current_key": "AIzaSyCmvhPbGpA2VxtVA5hvAdnbBvPT7nX8Iiw"
        }
      ],
      "services": {
        "appinvite_service": {
          "other_platform_oauth_client": []
        }
      }
    }
  ],
  "configuration_version": "1"
}